DateTime,State,Fuel Type,Supply
29/10/2022 0:00,NSW,Battery,362.534
29/10/2022 0:00,NSW,Black coal,627223.514
29/10/2022 0:00,NSW,Gas,13468.075
29/10/2022 0:00,NSW,Hydro,104066.278
29/10/2022 0:00,NSW,Liquid Fuel,67.375
29/10/2022 0:00,NSW,Solar,97524.948
29/10/2022 0:00,NSW,Wind,127769.953
29/10/2022 0:00,QLD,Battery,803.555
29/10/2022 0:00,QLD,Biomass,6963.7
29/10/2022 0:00,QLD,Black coal,736930.026
29/10/2022 0:00,QLD,Gas,82582.127
29/10/2022 0:00,QLD,Hydro,14946.232
29/10/2022 0:00,QLD,Liquid Fuel,0
29/10/2022 0:00,QLD,Solar,105959.5
29/10/2022 0:00,QLD,Wind,44795.597
29/10/2022 0:00,SA,Battery,1527.45
29/10/2022 0:00,SA,Gas,32478.009
29/10/2022 0:00,SA,Liquid Fuel,302.212
29/10/2022 0:00,SA,Solar,15404.284
29/10/2022 0:00,SA,Wind,146313.243
29/10/2022 0:00,TAS,Gas,316.615
29/10/2022 0:00,TAS,Hydro,152798.939
29/10/2022 0:00,TAS,Wind,26008.407
29/10/2022 0:00,VIC,Battery,1559.544
29/10/2022 0:00,VIC,Brown coal,561931.211
29/10/2022 0:00,VIC,Gas,2811.621
29/10/2022 0:00,VIC,Hydro,88892.581
29/10/2022 0:00,VIC,Solar,28349.286
29/10/2022 0:00,VIC,Wind,180084.352
5/11/2022 0:00,NSW,Battery,407.282
5/11/2022 0:00,NSW,Black coal,635772.667
5/11/2022 0:00,NSW,Gas,29622.015
5/11/2022 0:00,NSW,Hydro,69979.011
5/11/2022 0:00,NSW,Liquid Fuel,0
5/11/2022 0:00,NSW,Solar,124974.157
5/11/2022 0:00,NSW,Wind,67921.188
5/11/2022 0:00,QLD,Battery,917.603
5/11/2022 0:00,QLD,Biomass,8308.033
5/11/2022 0:00,QLD,Black coal,714495.804
5/11/2022 0:00,QLD,Gas,75268.188
5/11/2022 0:00,QLD,Hydro,13589.565
5/11/2022 0:00,QLD,Liquid Fuel,0
5/11/2022 0:00,QLD,Solar,118137.817
5/11/2022 0:00,QLD,Wind,49459.885
5/11/2022 0:00,SA,Battery,1476.182
5/11/2022 0:00,SA,Gas,58550.405
5/11/2022 0:00,SA,Liquid Fuel,172.498
5/11/2022 0:00,SA,Solar,17990.351
5/11/2022 0:00,SA,Wind,109329.043
5/11/2022 0:00,TAS,Gas,1485.909
5/11/2022 0:00,TAS,Hydro,145082.855
5/11/2022 0:00,TAS,Wind,22502.706
5/11/2022 0:00,VIC,Battery,1132.996
5/11/2022 0:00,VIC,Brown coal,569565.222
5/11/2022 0:00,VIC,Gas,6194.302
5/11/2022 0:00,VIC,Hydro,66579.669
5/11/2022 0:00,VIC,Solar,31262.005
5/11/2022 0:00,VIC,Wind,160655.142
12/11/2022 0:00,NSW,Battery,471.21
12/11/2022 0:00,NSW,Black coal,621316.766
12/11/2022 0:00,NSW,Gas,11165.094
12/11/2022 0:00,NSW,Hydro,78359.553
12/11/2022 0:00,NSW,Liquid Fuel,0
12/11/2022 0:00,NSW,Solar,109894.88
12/11/2022 0:00,NSW,Wind,110539.658
12/11/2022 0:00,QLD,Battery,1070.554
12/11/2022 0:00,QLD,Biomass,6666.267
12/11/2022 0:00,QLD,Black coal,749121.191
12/11/2022 0:00,QLD,Gas,90298.441
12/11/2022 0:00,QLD,Hydro,16220.343
12/11/2022 0:00,QLD,Liquid Fuel,0
12/11/2022 0:00,QLD,Solar,125770.307
12/11/2022 0:00,QLD,Wind,32933.233
12/11/2022 0:00,SA,Battery,814.339
12/11/2022 0:00,SA,Gas,71986.654
12/11/2022 0:00,SA,Liquid Fuel,501.904
12/11/2022 0:00,SA,Solar,12004.901
12/11/2022 0:00,SA,Wind,113734.75
12/11/2022 0:00,TAS,Gas,1053.541
12/11/2022 0:00,TAS,Hydro,167471.092
12/11/2022 0:00,TAS,Wind,27699.575
12/11/2022 0:00,VIC,Battery,1673.668
12/11/2022 0:00,VIC,Brown coal,516867.421
12/11/2022 0:00,VIC,Gas,2645.692
12/11/2022 0:00,VIC,Hydro,58056.03
12/11/2022 0:00,VIC,Solar,29627.723
12/11/2022 0:00,VIC,Wind,204953.157
19/11/2022 0:00,NSW,Battery,593.636
19/11/2022 0:00,NSW,Black coal,608168.591
19/11/2022 0:00,NSW,Gas,5561.591
19/11/2022 0:00,NSW,Hydro,83004.261
19/11/2022 0:00,NSW,Liquid Fuel,6.733
19/11/2022 0:00,NSW,Solar,123951.404
19/11/2022 0:00,NSW,Wind,142993.922
19/11/2022 0:00,QLD,Battery,981.156
19/11/2022 0:00,QLD,Biomass,7491.2
19/11/2022 0:00,QLD,Black coal,757909.665
19/11/2022 0:00,QLD,Gas,86421.583
19/11/2022 0:00,QLD,Hydro,16198.769
19/11/2022 0:00,QLD,Liquid Fuel,0
19/11/2022 0:00,QLD,Solar,107387.042
19/11/2022 0:00,QLD,Wind,26519.867
19/11/2022 0:00,SA,Battery,1637.381
19/11/2022 0:00,SA,Gas,56812.599
19/11/2022 0:00,SA,Liquid Fuel,1238.885
19/11/2022 0:00,SA,Solar,14397.924
19/11/2022 0:00,SA,Wind,131363.58
19/11/2022 0:00,TAS,Gas,106.419
19/11/2022 0:00,TAS,Hydro,153105.754
19/11/2022 0:00,TAS,Wind,45776.849
19/11/2022 0:00,VIC,Battery,1323.428
19/11/2022 0:00,VIC,Brown coal,451452.055
19/11/2022 0:00,VIC,Gas,10630.352
19/11/2022 0:00,VIC,Hydro,54187.258
19/11/2022 0:00,VIC,Solar,34281.441
19/11/2022 0:00,VIC,Wind,226192.316
26/11/2022 0:00,NSW,Battery,351.235
26/11/2022 0:00,NSW,Black coal,681882.947
26/11/2022 0:00,NSW,Gas,2583.436
26/11/2022 0:00,NSW,Hydro,51571.359
26/11/2022 0:00,NSW,Liquid Fuel,0
26/11/2022 0:00,NSW,Solar,151295.481
26/11/2022 0:00,NSW,Wind,107702.173
26/11/2022 0:00,QLD,Battery,846.676
26/11/2022 0:00,QLD,Biomass,4419.425
26/11/2022 0:00,QLD,Black coal,799964.433
26/11/2022 0:00,QLD,Gas,65996.626
26/11/2022 0:00,QLD,Hydro,14509.191
26/11/2022 0:00,QLD,Liquid Fuel,0
26/11/2022 0:00,QLD,Solar,94117.568
26/11/2022 0:00,QLD,Wind,32483.339
26/11/2022 0:00,SA,Battery,1269.059
26/11/2022 0:00,SA,Gas,34903.099
26/11/2022 0:00,SA,Liquid Fuel,7.332
26/11/2022 0:00,SA,Solar,23297.983
26/11/2022 0:00,SA,Wind,101928.904
26/11/2022 0:00,TAS,Gas,62.864
26/11/2022 0:00,TAS,Hydro,162707.07
26/11/2022 0:00,TAS,Wind,32937.636
26/11/2022 0:00,VIC,Battery,1916.503
26/11/2022 0:00,VIC,Brown coal,511698.06
26/11/2022 0:00,VIC,Gas,10403.544
26/11/2022 0:00,VIC,Hydro,55903.49
26/11/2022 0:00,VIC,Solar,42209.467
26/11/2022 0:00,VIC,Wind,129872.336
3/12/2022 0:00,NSW,Battery,263.439
3/12/2022 0:00,NSW,Black coal,615245.165
3/12/2022 0:00,NSW,Gas,17553.896
3/12/2022 0:00,NSW,Hydro,71430.102
3/12/2022 0:00,NSW,Liquid Fuel,0
3/12/2022 0:00,NSW,Solar,148773.007
3/12/2022 0:00,NSW,Wind,95239.748
3/12/2022 0:00,QLD,Battery,745.546
3/12/2022 0:00,QLD,Biomass,5167.067
3/12/2022 0:00,QLD,Black coal,759392.566
3/12/2022 0:00,QLD,Gas,91571.336
3/12/2022 0:00,QLD,Hydro,12987.183
3/12/2022 0:00,QLD,Liquid Fuel,478.073
3/12/2022 0:00,QLD,Solar,143476.32
3/12/2022 0:00,QLD,Wind,27770.644
3/12/2022 0:00,SA,Battery,1185.454
3/12/2022 0:00,SA,Gas,36616.77
3/12/2022 0:00,SA,Liquid Fuel,54.721
3/12/2022 0:00,SA,Solar,18436.382
3/12/2022 0:00,SA,Wind,140306.54
3/12/2022 0:00,TAS,Gas,120.371
3/12/2022 0:00,TAS,Hydro,126114.972
3/12/2022 0:00,TAS,Wind,30498.336
3/12/2022 0:00,VIC,Battery,1714.378
3/12/2022 0:00,VIC,Brown coal,595601.691
3/12/2022 0:00,VIC,Gas,5703.881
3/12/2022 0:00,VIC,Hydro,30087.615
3/12/2022 0:00,VIC,Solar,39494.478
3/12/2022 0:00,VIC,Wind,191270.495
10/12/2022 0:00,NSW,Battery,321.414
10/12/2022 0:00,NSW,Black coal,595242.503
10/12/2022 0:00,NSW,Gas,1745.69
10/12/2022 0:00,NSW,Hydro,68521.844
10/12/2022 0:00,NSW,Liquid Fuel,10.267
10/12/2022 0:00,NSW,Solar,144219.441
10/12/2022 0:00,NSW,Wind,132954.159
10/12/2022 0:00,QLD,Battery,17.141
10/12/2022 0:00,QLD,Biomass,6116.542
10/12/2022 0:00,QLD,Black coal,751864.269
10/12/2022 0:00,QLD,Gas,86531.153
10/12/2022 0:00,QLD,Hydro,14023.709
10/12/2022 0:00,QLD,Liquid Fuel,0
10/12/2022 0:00,QLD,Solar,130111.554
10/12/2022 0:00,QLD,Wind,28079.507
10/12/2022 0:00,SA,Battery,1291.099
10/12/2022 0:00,SA,Gas,17422.924
10/12/2022 0:00,SA,Liquid Fuel,731.889
10/12/2022 0:00,SA,Solar,18392.435
10/12/2022 0:00,SA,Wind,165454.616
10/12/2022 0:00,TAS,Gas,0
10/12/2022 0:00,TAS,Hydro,100227.45
10/12/2022 0:00,TAS,Wind,40573.874
10/12/2022 0:00,VIC,Battery,1220.589
10/12/2022 0:00,VIC,Brown coal,592179.914
10/12/2022 0:00,VIC,Gas,3.808
10/12/2022 0:00,VIC,Hydro,30333.404
10/12/2022 0:00,VIC,Solar,30301.383
10/12/2022 0:00,VIC,Wind,273994.826
17/12/2022 0:00,NSW,Battery,312.093
17/12/2022 0:00,NSW,Black coal,637816.201
17/12/2022 0:00,NSW,Gas,437.867
17/12/2022 0:00,NSW,Hydro,73663.685
17/12/2022 0:00,NSW,Liquid Fuel,0
17/12/2022 0:00,NSW,Solar,151366.393
17/12/2022 0:00,NSW,Wind,87486.935
17/12/2022 0:00,QLD,Battery,222.836
17/12/2022 0:00,QLD,Biomass,4525.467
17/12/2022 0:00,QLD,Black coal,793640.896
17/12/2022 0:00,QLD,Gas,51727.224
17/12/2022 0:00,QLD,Hydro,17928.217
17/12/2022 0:00,QLD,Liquid Fuel,0
17/12/2022 0:00,QLD,Solar,110924.219
17/12/2022 0:00,QLD,Wind,47533.342
17/12/2022 0:00,SA,Battery,1046.551
17/12/2022 0:00,SA,Gas,44621.571
17/12/2022 0:00,SA,Liquid Fuel,544.993
17/12/2022 0:00,SA,Solar,18179.121
17/12/2022 0:00,SA,Wind,119462.939
17/12/2022 0:00,TAS,Gas,1183.825
17/12/2022 0:00,TAS,Hydro,137987.849
17/12/2022 0:00,TAS,Wind,18347.469
17/12/2022 0:00,VIC,Battery,1530.752
17/12/2022 0:00,VIC,Brown coal,602453.421
17/12/2022 0:00,VIC,Gas,2142.429
17/12/2022 0:00,VIC,Hydro,40853.99
17/12/2022 0:00,VIC,Solar,43515.812
17/12/2022 0:00,VIC,Wind,136334.044
24/12/2022 0:00,NSW,Battery,220.385
24/12/2022 0:00,NSW,Black coal,580529.6
24/12/2022 0:00,NSW,Gas,10949.505
24/12/2022 0:00,NSW,Hydro,68401.882
24/12/2022 0:00,NSW,Liquid Fuel,0
24/12/2022 0:00,NSW,Solar,145010.188
24/12/2022 0:00,NSW,Wind,109232.906
24/12/2022 0:00,QLD,Battery,679.787
24/12/2022 0:00,QLD,Biomass,3067.842
24/12/2022 0:00,QLD,Black coal,793629.424
24/12/2022 0:00,QLD,Gas,52579.565
24/12/2022 0:00,QLD,Hydro,16730.869
24/12/2022 0:00,QLD,Liquid Fuel,0
24/12/2022 0:00,QLD,Solar,110843.682
24/12/2022 0:00,QLD,Wind,44911.495
24/12/2022 0:00,SA,Battery,876.728
24/12/2022 0:00,SA,Gas,50251.132
24/12/2022 0:00,SA,Liquid Fuel,53.304
24/12/2022 0:00,SA,Solar,21351.089
24/12/2022 0:00,SA,Wind,130933.197
24/12/2022 0:00,TAS,Gas,743.078
24/12/2022 0:00,TAS,Hydro,107488.228
24/12/2022 0:00,TAS,Wind,29792.367
24/12/2022 0:00,VIC,Battery,1702.297
24/12/2022 0:00,VIC,Brown coal,635526.491
24/12/2022 0:00,VIC,Gas,8909.396
24/12/2022 0:00,VIC,Hydro,32422.227
24/12/2022 0:00,VIC,Solar,44588.206
24/12/2022 0:00,VIC,Wind,160428.706
31/12/2022 0:00,NSW,Battery,190.801
31/12/2022 0:00,NSW,Black coal,553198.664
31/12/2022 0:00,NSW,Gas,12568.314
31/12/2022 0:00,NSW,Hydro,63262.554
31/12/2022 0:00,NSW,Liquid Fuel,0
31/12/2022 0:00,NSW,Solar,147763.759
31/12/2022 0:00,NSW,Wind,127592.259
31/12/2022 0:00,QLD,Battery,802.906
31/12/2022 0:00,QLD,Biomass,2488.792
31/12/2022 0:00,QLD,Black coal,819398.649
31/12/2022 0:00,QLD,Gas,79364.915
31/12/2022 0:00,QLD,Hydro,28146.417
31/12/2022 0:00,QLD,Liquid Fuel,0
31/12/2022 0:00,QLD,Solar,124487.051
31/12/2022 0:00,QLD,Wind,28792.231
31/12/2022 0:00,SA,Battery,914.584
31/12/2022 0:00,SA,Gas,28067.152
31/12/2022 0:00,SA,Liquid Fuel,433.183
31/12/2022 0:00,SA,Solar,22164.142
31/12/2022 0:00,SA,Wind,146844.744
31/12/2022 0:00,TAS,Gas,1065.044
31/12/2022 0:00,TAS,Hydro,103853.63
31/12/2022 0:00,TAS,Wind,29070.851
31/12/2022 0:00,VIC,Battery,1248.871
31/12/2022 0:00,VIC,Brown coal,615965.127
31/12/2022 0:00,VIC,Gas,5318.651
31/12/2022 0:00,VIC,Hydro,21481.171
31/12/2022 0:00,VIC,Solar,43212.499
31/12/2022 0:00,VIC,Wind,214504.548
7/01/2023 0:00,NSW,Battery,234.071
7/01/2023 0:00,NSW,Black coal,680279.42
7/01/2023 0:00,NSW,Gas,16963.009
7/01/2023 0:00,NSW,Hydro,95734.286
7/01/2023 0:00,NSW,Liquid Fuel,0
7/01/2023 0:00,NSW,Solar,165749.435
7/01/2023 0:00,NSW,Wind,84767.564
7/01/2023 0:00,QLD,Battery,86.628
7/01/2023 0:00,QLD,Biomass,862.417
7/01/2023 0:00,QLD,Black coal,836126.53
7/01/2023 0:00,QLD,Gas,81454.044
7/01/2023 0:00,QLD,Hydro,32983.265
7/01/2023 0:00,QLD,Liquid Fuel,0
7/01/2023 0:00,QLD,Solar,90975.319
7/01/2023 0:00,QLD,Wind,31669.309
7/01/2023 0:00,SA,Battery,999.293
7/01/2023 0:00,SA,Gas,62301.472
7/01/2023 0:00,SA,Liquid Fuel,402.518
7/01/2023 0:00,SA,Solar,26513.644
7/01/2023 0:00,SA,Wind,127024.437
7/01/2023 0:00,TAS,Gas,2581.542
7/01/2023 0:00,TAS,Hydro,119384.463
7/01/2023 0:00,TAS,Wind,24140.397
7/01/2023 0:00,VIC,Battery,1314.47
7/01/2023 0:00,VIC,Brown coal,670909.369
7/01/2023 0:00,VIC,Gas,22361.615
7/01/2023 0:00,VIC,Hydro,38614.927
7/01/2023 0:00,VIC,Solar,53357.856
7/01/2023 0:00,VIC,Wind,135083.397
14/01/2023 0:00,NSW,Battery,250.51
14/01/2023 0:00,NSW,Black coal,671139.986
14/01/2023 0:00,NSW,Gas,11694.619
14/01/2023 0:00,NSW,Hydro,59299.088
14/01/2023 0:00,NSW,Liquid Fuel,0
14/01/2023 0:00,NSW,Solar,133604.267
14/01/2023 0:00,NSW,Wind,128878.467
14/01/2023 0:00,QLD,Battery,408.118
14/01/2023 0:00,QLD,Biomass,1610.1
14/01/2023 0:00,QLD,Black coal,827056.418
14/01/2023 0:00,QLD,Gas,79750.071
14/01/2023 0:00,QLD,Hydro,31372.861
14/01/2023 0:00,QLD,Liquid Fuel,0
14/01/2023 0:00,QLD,Solar,103082.961
14/01/2023 0:00,QLD,Wind,54221.26
14/01/2023 0:00,SA,Battery,1040.41
14/01/2023 0:00,SA,Gas,39947.723
14/01/2023 0:00,SA,Liquid Fuel,1359.162
14/01/2023 0:00,SA,Solar,18355.822
14/01/2023 0:00,SA,Wind,157781.523
14/01/2023 0:00,TAS,Gas,2049.104
14/01/2023 0:00,TAS,Hydro,101922.397
14/01/2023 0:00,TAS,Wind,32341.182
14/01/2023 0:00,VIC,Battery,1399.51
14/01/2023 0:00,VIC,Brown coal,598860.76
14/01/2023 0:00,VIC,Gas,11797.379
14/01/2023 0:00,VIC,Hydro,37756.51
14/01/2023 0:00,VIC,Solar,35762.393
14/01/2023 0:00,VIC,Wind,214894.921
21/01/2023 0:00,NSW,Battery,289.2
21/01/2023 0:00,NSW,Black coal,734832.749
21/01/2023 0:00,NSW,Gas,6294.08
21/01/2023 0:00,NSW,Hydro,79420.067
21/01/2023 0:00,NSW,Liquid Fuel,0
21/01/2023 0:00,NSW,Solar,145188.829
21/01/2023 0:00,NSW,Wind,80958.527
21/01/2023 0:00,QLD,Battery,845.963
21/01/2023 0:00,QLD,Biomass,1962.158
21/01/2023 0:00,QLD,Black coal,915326.936
21/01/2023 0:00,QLD,Gas,95793.856
21/01/2023 0:00,QLD,Hydro,30964.227
21/01/2023 0:00,QLD,Liquid Fuel,0
21/01/2023 0:00,QLD,Solar,124328.382
21/01/2023 0:00,QLD,Wind,33066.055
21/01/2023 0:00,SA,Battery,1033.678
21/01/2023 0:00,SA,Gas,51143.575
21/01/2023 0:00,SA,Liquid Fuel,1402.003
21/01/2023 0:00,SA,Solar,19512.498
21/01/2023 0:00,SA,Wind,125153.224
21/01/2023 0:00,TAS,Gas,677.51
21/01/2023 0:00,TAS,Hydro,118156.119
21/01/2023 0:00,TAS,Wind,23642.908
21/01/2023 0:00,VIC,Battery,1861.855
21/01/2023 0:00,VIC,Brown coal,676466.661
21/01/2023 0:00,VIC,Gas,3190.935
21/01/2023 0:00,VIC,Hydro,43960.807
21/01/2023 0:00,VIC,Solar,45011.962
21/01/2023 0:00,VIC,Wind,128612.574
28/01/2023 0:00,NSW,Battery,496.005
28/01/2023 0:00,NSW,Black coal,785055.105
28/01/2023 0:00,NSW,Gas,28725.1
28/01/2023 0:00,NSW,Hydro,93246.048
28/01/2023 0:00,NSW,Liquid Fuel,89.717
28/01/2023 0:00,NSW,Solar,121762.359
28/01/2023 0:00,NSW,Wind,109992.187
28/01/2023 0:00,QLD,Battery,742.864
28/01/2023 0:00,QLD,Biomass,1797.467
28/01/2023 0:00,QLD,Black coal,937225.661
28/01/2023 0:00,QLD,Gas,142947.759
28/01/2023 0:00,QLD,Hydro,32742.887
28/01/2023 0:00,QLD,Liquid Fuel,2257.352
28/01/2023 0:00,QLD,Solar,115760.714
28/01/2023 0:00,QLD,Wind,21635.815
28/01/2023 0:00,SA,Battery,1225.671
28/01/2023 0:00,SA,Gas,44673.899
28/01/2023 0:00,SA,Liquid Fuel,6.5
28/01/2023 0:00,SA,Solar,18158.525
28/01/2023 0:00,SA,Wind,121125.689
28/01/2023 0:00,TAS,Gas,196.865
28/01/2023 0:00,TAS,Hydro,111546.325
28/01/2023 0:00,TAS,Wind,25789.688
28/01/2023 0:00,VIC,Battery,1832.297
28/01/2023 0:00,VIC,Brown coal,660135.888
28/01/2023 0:00,VIC,Gas,112.475
28/01/2023 0:00,VIC,Hydro,27552.507
28/01/2023 0:00,VIC,Solar,34631.039
28/01/2023 0:00,VIC,Wind,200010.159
4/02/2023 0:00,NSW,Battery,289.511
4/02/2023 0:00,NSW,Black coal,798684.967
4/02/2023 0:00,NSW,Gas,436.897
4/02/2023 0:00,NSW,Hydro,35714.161
4/02/2023 0:00,NSW,Liquid Fuel,0.517
4/02/2023 0:00,NSW,Solar,155444.094
4/02/2023 0:00,NSW,Wind,105734.244
4/02/2023 0:00,QLD,Battery,909.364
4/02/2023 0:00,QLD,Biomass,511.975
4/02/2023 0:00,QLD,Black coal,906015.009
4/02/2023 0:00,QLD,Gas,75247.649
4/02/2023 0:00,QLD,Hydro,29396.259
4/02/2023 0:00,QLD,Liquid Fuel,0
4/02/2023 0:00,QLD,Solar,126312.713
4/02/2023 0:00,QLD,Wind,44466.79
4/02/2023 0:00,SA,Battery,1302.953
4/02/2023 0:00,SA,Gas,47768.446
4/02/2023 0:00,SA,Liquid Fuel,775.561
4/02/2023 0:00,SA,Solar,26393.146
4/02/2023 0:00,SA,Wind,110878.478
4/02/2023 0:00,TAS,Gas,0
4/02/2023 0:00,TAS,Hydro,115215.605
4/02/2023 0:00,TAS,Wind,22378.701
4/02/2023 0:00,VIC,Battery,2101.601
4/02/2023 0:00,VIC,Brown coal,603152.187
4/02/2023 0:00,VIC,Gas,9783.213
4/02/2023 0:00,VIC,Hydro,50658.998
4/02/2023 0:00,VIC,Solar,49357.309
4/02/2023 0:00,VIC,Wind,142939.912
11/02/2023 0:00,NSW,Battery,320.562
11/02/2023 0:00,NSW,Black coal,778048.438
11/02/2023 0:00,NSW,Gas,3621.137
11/02/2023 0:00,NSW,Hydro,36324.886
11/02/2023 0:00,NSW,Liquid Fuel,1.742
11/02/2023 0:00,NSW,Solar,154767.73
11/02/2023 0:00,NSW,Wind,101742.035
11/02/2023 0:00,QLD,Battery,716.682
11/02/2023 0:00,QLD,Biomass,421.783
11/02/2023 0:00,QLD,Black coal,936019.501
11/02/2023 0:00,QLD,Gas,86681.805
11/02/2023 0:00,QLD,Hydro,28711.688
11/02/2023 0:00,QLD,Liquid Fuel,427.432
11/02/2023 0:00,QLD,Solar,124683.625
11/02/2023 0:00,QLD,Wind,50207.805
11/02/2023 0:00,SA,Battery,1313.023
11/02/2023 0:00,SA,Gas,58433.835
11/02/2023 0:00,SA,Liquid Fuel,2165.86
11/02/2023 0:00,SA,Solar,25627.416
11/02/2023 0:00,SA,Wind,98579.808
11/02/2023 0:00,TAS,Gas,785.961
11/02/2023 0:00,TAS,Hydro,128298.275
11/02/2023 0:00,TAS,Wind,22890.182
11/02/2023 0:00,VIC,Battery,2025.183
11/02/2023 0:00,VIC,Brown coal,570609.29
11/02/2023 0:00,VIC,Gas,23022.125
11/02/2023 0:00,VIC,Hydro,51912.413
11/02/2023 0:00,VIC,Solar,44760.66
11/02/2023 0:00,VIC,Wind,200315.139
18/02/2023 0:00,NSW,Battery,125.11
18/02/2023 0:00,NSW,Black coal,731518.102
18/02/2023 0:00,NSW,Gas,3016.318
18/02/2023 0:00,NSW,Hydro,31185.445
18/02/2023 0:00,NSW,Liquid Fuel,1.75
18/02/2023 0:00,NSW,Solar,152765.719
18/02/2023 0:00,NSW,Wind,129502.678
18/02/2023 0:00,QLD,Battery,471.194
18/02/2023 0:00,QLD,Biomass,750.992
18/02/2023 0:00,QLD,Black coal,912677.959
18/02/2023 0:00,QLD,Gas,70285.26
18/02/2023 0:00,QLD,Hydro,30454.178
18/02/2023 0:00,QLD,Liquid Fuel,0
18/02/2023 0:00,QLD,Solar,107221.725
18/02/2023 0:00,QLD,Wind,52511.428
18/02/2023 0:00,SA,Battery,1392.181
18/02/2023 0:00,SA,Gas,61627.131
18/02/2023 0:00,SA,Liquid Fuel,1718.334
18/02/2023 0:00,SA,Solar,23933.476
18/02/2023 0:00,SA,Wind,157753.617
18/02/2023 0:00,TAS,Gas,479.251
18/02/2023 0:00,TAS,Hydro,101743.521
18/02/2023 0:00,TAS,Wind,42424.732
18/02/2023 0:00,VIC,Battery,1475.29
18/02/2023 0:00,VIC,Brown coal,621667.421
18/02/2023 0:00,VIC,Gas,14497.18
18/02/2023 0:00,VIC,Hydro,42357.115
18/02/2023 0:00,VIC,Solar,44125.919
18/02/2023 0:00,VIC,Wind,216487.517
25/02/2023 0:00,NSW,Battery,155.496
25/02/2023 0:00,NSW,Black coal,746142.969
25/02/2023 0:00,NSW,Gas,130.611
25/02/2023 0:00,NSW,Hydro,55350.381
25/02/2023 0:00,NSW,Liquid Fuel,2.3
25/02/2023 0:00,NSW,Solar,149381.582
25/02/2023 0:00,NSW,Wind,107961.481
25/02/2023 0:00,QLD,Battery,692.988
25/02/2023 0:00,QLD,Biomass,1219.317
25/02/2023 0:00,QLD,Black coal,914634.96
25/02/2023 0:00,QLD,Gas,98563.821
25/02/2023 0:00,QLD,Hydro,29109.311
25/02/2023 0:00,QLD,Liquid Fuel,0
25/02/2023 0:00,QLD,Solar,106876.135
25/02/2023 0:00,QLD,Wind,36181.757
25/02/2023 0:00,SA,Battery,1123.488
25/02/2023 0:00,SA,Gas,52623.82
25/02/2023 0:00,SA,Liquid Fuel,2.675
25/02/2023 0:00,SA,Solar,24171.374
25/02/2023 0:00,SA,Wind,102201.985
25/02/2023 0:00,TAS,Gas,881.464
25/02/2023 0:00,TAS,Hydro,102410.536
25/02/2023 0:00,TAS,Wind,28323.611
25/02/2023 0:00,VIC,Battery,1469.231
25/02/2023 0:00,VIC,Brown coal,609527.098
25/02/2023 0:00,VIC,Gas,3486.641
25/02/2023 0:00,VIC,Hydro,43358.652
25/02/2023 0:00,VIC,Solar,41157.259
25/02/2023 0:00,VIC,Wind,163113.669
4/03/2023 0:00,NSW,Battery,303.723
4/03/2023 0:00,NSW,Black coal,705884.559
4/03/2023 0:00,NSW,Gas,55428.87
4/03/2023 0:00,NSW,Hydro,62837.104
4/03/2023 0:00,NSW,Liquid Fuel,12.167
4/03/2023 0:00,NSW,Solar,138703.634
4/03/2023 0:00,NSW,Wind,125471.278
4/03/2023 0:00,QLD,Battery,313.238
4/03/2023 0:00,QLD,Biomass,0
4/03/2023 0:00,QLD,Black coal,964398.023
4/03/2023 0:00,QLD,Gas,106868.189
4/03/2023 0:00,QLD,Hydro,30172.385
4/03/2023 0:00,QLD,Liquid Fuel,0
4/03/2023 0:00,QLD,Solar,83368.377
4/03/2023 0:00,QLD,Wind,30434.335
4/03/2023 0:00,SA,Battery,1152.332
4/03/2023 0:00,SA,Gas,44449.527
4/03/2023 0:00,SA,Liquid Fuel,36.97
4/03/2023 0:00,SA,Solar,17898.938
4/03/2023 0:00,SA,Wind,128596.255
4/03/2023 0:00,TAS,Gas,866.351
4/03/2023 0:00,TAS,Hydro,108464.055
4/03/2023 0:00,TAS,Wind,58573.945
4/03/2023 0:00,VIC,Battery,1385.513
4/03/2023 0:00,VIC,Brown coal,560944.369
4/03/2023 0:00,VIC,Gas,2415.446
4/03/2023 0:00,VIC,Hydro,36963.157
4/03/2023 0:00,VIC,Solar,30380.999
4/03/2023 0:00,VIC,Wind,222505.208
11/03/2023 0:00,NSW,Battery,515.348
11/03/2023 0:00,NSW,Black coal,730820.874
11/03/2023 0:00,NSW,Gas,70791.243
11/03/2023 0:00,NSW,Hydro,92122.848
11/03/2023 0:00,NSW,Liquid Fuel,65.2
11/03/2023 0:00,NSW,Solar,129637.296
11/03/2023 0:00,NSW,Wind,104711.837
11/03/2023 0:00,QLD,Battery,836.696
11/03/2023 0:00,QLD,Biomass,0
11/03/2023 0:00,QLD,Black coal,932546.11
11/03/2023 0:00,QLD,Gas,131275.152
11/03/2023 0:00,QLD,Hydro,29505.24
11/03/2023 0:00,QLD,Liquid Fuel,1745.818
11/03/2023 0:00,QLD,Solar,108928.045
11/03/2023 0:00,QLD,Wind,21425.557
11/03/2023 0:00,SA,Battery,1603.568
11/03/2023 0:00,SA,Gas,54335.555
11/03/2023 0:00,SA,Liquid Fuel,108.256
11/03/2023 0:00,SA,Solar,19901.534
11/03/2023 0:00,SA,Wind,85179.981
11/03/2023 0:00,TAS,Gas,1966.087
11/03/2023 0:00,TAS,Hydro,147198.776
11/03/2023 0:00,TAS,Wind,32919.813
11/03/2023 0:00,VIC,Battery,1759.347
11/03/2023 0:00,VIC,Brown coal,593008.784
11/03/2023 0:00,VIC,Gas,15379.063
11/03/2023 0:00,VIC,Hydro,25680.819
11/03/2023 0:00,VIC,Solar,39437.609
11/03/2023 0:00,VIC,Wind,175317.37
18/03/2023 0:00,NSW,Battery,315.791
18/03/2023 0:00,NSW,Black coal,713348.938
18/03/2023 0:00,NSW,Gas,61254.067
18/03/2023 0:00,NSW,Hydro,36319.539
18/03/2023 0:00,NSW,Liquid Fuel,1.725
18/03/2023 0:00,NSW,Solar,100928.709
18/03/2023 0:00,NSW,Wind,107794.462
18/03/2023 0:00,QLD,Battery,795.863
18/03/2023 0:00,QLD,Biomass,0
18/03/2023 0:00,QLD,Black coal,907999.98
18/03/2023 0:00,QLD,Gas,91191.579
18/03/2023 0:00,QLD,Hydro,29213.6
18/03/2023 0:00,QLD,Liquid Fuel,0
18/03/2023 0:00,QLD,Solar,115413.244
18/03/2023 0:00,QLD,Wind,46497.075
18/03/2023 0:00,SA,Battery,1128.859
18/03/2023 0:00,SA,Gas,58722.751
18/03/2023 0:00,SA,Liquid Fuel,1.873
18/03/2023 0:00,SA,Solar,17214.73
18/03/2023 0:00,SA,Wind,109615.9
18/03/2023 0:00,TAS,Gas,1782.818
18/03/2023 0:00,TAS,Hydro,134511.869
18/03/2023 0:00,TAS,Wind,17997.847
18/03/2023 0:00,VIC,Battery,1344.327
18/03/2023 0:00,VIC,Brown coal,615068.429
18/03/2023 0:00,VIC,Gas,7841.858
18/03/2023 0:00,VIC,Hydro,45681.98
18/03/2023 0:00,VIC,Solar,30011.467
18/03/2023 0:00,VIC,Wind,178627.75
25/03/2023 0:00,NSW,Battery,577.295
25/03/2023 0:00,NSW,Black coal,764569.182
25/03/2023 0:00,NSW,Gas,56369.721
25/03/2023 0:00,NSW,Hydro,38466.305
25/03/2023 0:00,NSW,Liquid Fuel,0
25/03/2023 0:00,NSW,Solar,78527.214
25/03/2023 0:00,NSW,Wind,93560.83
25/03/2023 0:00,QLD,Battery,1075.781
25/03/2023 0:00,QLD,Biomass,0
25/03/2023 0:00,QLD,Black coal,912099.245
25/03/2023 0:00,QLD,Gas,85441.197
25/03/2023 0:00,QLD,Hydro,29153.183
25/03/2023 0:00,QLD,Liquid Fuel,774.088
25/03/2023 0:00,QLD,Solar,96200.825
25/03/2023 0:00,QLD,Wind,25132.598
25/03/2023 0:00,SA,Battery,1452.909
25/03/2023 0:00,SA,Gas,89991.086
25/03/2023 0:00,SA,Liquid Fuel,6.652
25/03/2023 0:00,SA,Solar,16178.738
25/03/2023 0:00,SA,Wind,82847.379
25/03/2023 0:00,TAS,Gas,3201.628
25/03/2023 0:00,TAS,Hydro,159739.624
25/03/2023 0:00,TAS,Wind,29293.157
25/03/2023 0:00,VIC,Battery,1603.7
25/03/2023 0:00,VIC,Brown coal,570354.416
25/03/2023 0:00,VIC,Gas,47032.786
25/03/2023 0:00,VIC,Hydro,57149.207
25/03/2023 0:00,VIC,Solar,25289.702
25/03/2023 0:00,VIC,Wind,123707.316
1/04/2023 0:00,NSW,Battery,551.291
1/04/2023 0:00,NSW,Black coal,655526.173
1/04/2023 0:00,NSW,Gas,39606.346
1/04/2023 0:00,NSW,Hydro,40036.537
1/04/2023 0:00,NSW,Liquid Fuel,26.45
1/04/2023 0:00,NSW,Solar,90588.39
1/04/2023 0:00,NSW,Wind,111648.765
1/04/2023 0:00,QLD,Battery,1402.257
1/04/2023 0:00,QLD,Biomass,0
1/04/2023 0:00,QLD,Black coal,824875.803
1/04/2023 0:00,QLD,Gas,73148.322
1/04/2023 0:00,QLD,Hydro,32204.606
1/04/2023 0:00,QLD,Liquid Fuel,0
1/04/2023 0:00,QLD,Solar,103576.19
1/04/2023 0:00,QLD,Wind,24271.425
1/04/2023 0:00,SA,Battery,1298.501
1/04/2023 0:00,SA,Gas,66632.805
1/04/2023 0:00,SA,Liquid Fuel,23.186
1/04/2023 0:00,SA,Solar,16610.552
1/04/2023 0:00,SA,Wind,106579.403
1/04/2023 0:00,TAS,Gas,1213.286
1/04/2023 0:00,TAS,Hydro,158003.767
1/04/2023 0:00,TAS,Wind,21846.612
1/04/2023 0:00,VIC,Battery,1939.284
1/04/2023 0:00,VIC,Brown coal,621452.908
1/04/2023 0:00,VIC,Gas,13949.027
1/04/2023 0:00,VIC,Hydro,28131.55
1/04/2023 0:00,VIC,Solar,34303.416
1/04/2023 0:00,VIC,Wind,168680.891
8/04/2023 0:00,NSW,Battery,519.262
8/04/2023 0:00,NSW,Black coal,608402.285
8/04/2023 0:00,NSW,Gas,47173.8
8/04/2023 0:00,NSW,Hydro,44486.393
8/04/2023 0:00,NSW,Liquid Fuel,0
8/04/2023 0:00,NSW,Solar,89806.662
8/04/2023 0:00,NSW,Wind,108682.837
8/04/2023 0:00,QLD,Battery,1526.792
8/04/2023 0:00,QLD,Biomass,0
8/04/2023 0:00,QLD,Black coal,783666.672
8/04/2023 0:00,QLD,Gas,71355.184
8/04/2023 0:00,QLD,Hydro,29702.125
8/04/2023 0:00,QLD,Liquid Fuel,1476.39
8/04/2023 0:00,QLD,Solar,118117.318
8/04/2023 0:00,QLD,Wind,32835.862
8/04/2023 0:00,SA,Battery,1193.689
8/04/2023 0:00,SA,Gas,53466.412
8/04/2023 0:00,SA,Liquid Fuel,71.214
8/04/2023 0:00,SA,Solar,11896.797
8/04/2023 0:00,SA,Wind,150475.761
8/04/2023 0:00,TAS,Gas,1084.149
8/04/2023 0:00,TAS,Hydro,164007.996
8/04/2023 0:00,TAS,Wind,31183.924
8/04/2023 0:00,VIC,Battery,1953.239
8/04/2023 0:00,VIC,Brown coal,552550.742
8/04/2023 0:00,VIC,Gas,18484.062
8/04/2023 0:00,VIC,Hydro,23966.584
8/04/2023 0:00,VIC,Solar,23786.226
8/04/2023 0:00,VIC,Wind,208257.756
15/04/2023 0:00,NSW,Battery,633.555
15/04/2023 0:00,NSW,Black coal,658735.794
15/04/2023 0:00,NSW,Gas,60729.843
15/04/2023 0:00,NSW,Hydro,40475.114
15/04/2023 0:00,NSW,Liquid Fuel,0
15/04/2023 0:00,NSW,Solar,113126.927
15/04/2023 0:00,NSW,Wind,87451.605
15/04/2023 0:00,QLD,Battery,995.269
15/04/2023 0:00,QLD,Biomass,1.267
15/04/2023 0:00,QLD,Black coal,836253.66
15/04/2023 0:00,QLD,Gas,77406.176
15/04/2023 0:00,QLD,Hydro,28122.852
15/04/2023 0:00,QLD,Liquid Fuel,1317.298
15/04/2023 0:00,QLD,Solar,109005.559
15/04/2023 0:00,QLD,Wind,46051.114
15/04/2023 0:00,SA,Battery,1230.162
15/04/2023 0:00,SA,Gas,78971.052
15/04/2023 0:00,SA,Liquid Fuel,1033.566
15/04/2023 0:00,SA,Solar,19741.631
15/04/2023 0:00,SA,Wind,71910.051
15/04/2023 0:00,TAS,Gas,1643.374
15/04/2023 0:00,TAS,Hydro,187628.181
15/04/2023 0:00,TAS,Wind,44685.612
15/04/2023 0:00,VIC,Battery,2754.268
15/04/2023 0:00,VIC,Brown coal,572648.033
15/04/2023 0:00,VIC,Gas,29139.115
15/04/2023 0:00,VIC,Hydro,58950.301
15/04/2023 0:00,VIC,Solar,36647.856
15/04/2023 0:00,VIC,Wind,120791.236
22/04/2023 0:00,NSW,Battery,499.915
22/04/2023 0:00,NSW,Black coal,683250.92
22/04/2023 0:00,NSW,Gas,26262.04
22/04/2023 0:00,NSW,Hydro,63584.815
22/04/2023 0:00,NSW,Liquid Fuel,1.633
22/04/2023 0:00,NSW,Solar,96108.068
22/04/2023 0:00,NSW,Wind,104221.789
22/04/2023 0:00,QLD,Battery,99.938
22/04/2023 0:00,QLD,Biomass,0
22/04/2023 0:00,QLD,Black coal,818893.213
22/04/2023 0:00,QLD,Gas,75691.387
22/04/2023 0:00,QLD,Hydro,33400.588
22/04/2023 0:00,QLD,Liquid Fuel,0
22/04/2023 0:00,QLD,Solar,101967.106
22/04/2023 0:00,QLD,Wind,65184.425
22/04/2023 0:00,SA,Battery,1836.869
22/04/2023 0:00,SA,Gas,64975.609
22/04/2023 0:00,SA,Liquid Fuel,227.3
22/04/2023 0:00,SA,Solar,15159.983
22/04/2023 0:00,SA,Wind,123126.535
22/04/2023 0:00,TAS,Gas,2285.545
22/04/2023 0:00,TAS,Hydro,151264.864
22/04/2023 0:00,TAS,Wind,31704.432
22/04/2023 0:00,VIC,Battery,2718.515
22/04/2023 0:00,VIC,Brown coal,619978.153
22/04/2023 0:00,VIC,Gas,6987.879
22/04/2023 0:00,VIC,Hydro,15335.139
22/04/2023 0:00,VIC,Solar,31159.063
22/04/2023 0:00,VIC,Wind,176492.685
29/04/2023 0:00,NSW,Battery,677.024
29/04/2023 0:00,NSW,Black coal,786512.986
29/04/2023 0:00,NSW,Gas,55888.815
29/04/2023 0:00,NSW,Hydro,92098.349
29/04/2023 0:00,NSW,Liquid Fuel,9.192
29/04/2023 0:00,NSW,Solar,62326.974
29/04/2023 0:00,NSW,Wind,92887.644
29/04/2023 0:00,QLD,Battery,1262.338
29/04/2023 0:00,QLD,Biomass,0
29/04/2023 0:00,QLD,Black coal,791214.537
29/04/2023 0:00,QLD,Gas,119298.015
29/04/2023 0:00,QLD,Hydro,28198.504
29/04/2023 0:00,QLD,Liquid Fuel,305.084
29/04/2023 0:00,QLD,Solar,104186.092
29/04/2023 0:00,QLD,Wind,41545.474
29/04/2023 0:00,SA,Battery,1802.619
29/04/2023 0:00,SA,Gas,111056.471
29/04/2023 0:00,SA,Liquid Fuel,2914.226
29/04/2023 0:00,SA,Solar,13866.763
29/04/2023 0:00,SA,Wind,82286.62
29/04/2023 0:00,TAS,Gas,2506.806
29/04/2023 0:00,TAS,Hydro,209899.6
29/04/2023 0:00,TAS,Wind,23004.793
29/04/2023 0:00,VIC,Battery,3668.493
29/04/2023 0:00,VIC,Brown coal,656026.499
29/04/2023 0:00,VIC,Gas,26285.447
29/04/2023 0:00,VIC,Hydro,45325.616
29/04/2023 0:00,VIC,Solar,20030.167
29/04/2023 0:00,VIC,Wind,172926.645
6/05/2023 0:00,NSW,Battery,694.547
6/05/2023 0:00,NSW,Black coal,891576.914
6/05/2023 0:00,NSW,Gas,58523.894
6/05/2023 0:00,NSW,Hydro,80027.426
6/05/2023 0:00,NSW,Liquid Fuel,27.075
6/05/2023 0:00,NSW,Solar,101257.192
6/05/2023 0:00,NSW,Wind,99415.211
6/05/2023 0:00,QLD,Battery,1208.719
6/05/2023 0:00,QLD,Biomass,0
6/05/2023 0:00,QLD,Black coal,795167.17
6/05/2023 0:00,QLD,Gas,124431.436
6/05/2023 0:00,QLD,Hydro,22669.572
6/05/2023 0:00,QLD,Liquid Fuel,464.772
6/05/2023 0:00,QLD,Solar,103322.789
6/05/2023 0:00,QLD,Wind,77914.948
6/05/2023 0:00,SA,Battery,1545.873
6/05/2023 0:00,SA,Gas,100374.954
6/05/2023 0:00,SA,Liquid Fuel,1239.784
6/05/2023 0:00,SA,Solar,16824.515
6/05/2023 0:00,SA,Wind,71839.541
6/05/2023 0:00,TAS,Gas,1943.998
6/05/2023 0:00,TAS,Hydro,208150.835
6/05/2023 0:00,TAS,Wind,28593.092
6/05/2023 0:00,VIC,Battery,3414.38
6/05/2023 0:00,VIC,Brown coal,634628.023
6/05/2023 0:00,VIC,Gas,44467.38
6/05/2023 0:00,VIC,Hydro,55665.44
6/05/2023 0:00,VIC,Solar,26542.265
6/05/2023 0:00,VIC,Wind,147855.212
13/05/2023 0:00,NSW,Battery,470.322
13/05/2023 0:00,NSW,Black coal,943524.696
13/05/2023 0:00,NSW,Gas,53752.054
13/05/2023 0:00,NSW,Hydro,88069.573
13/05/2023 0:00,NSW,Liquid Fuel,54.125
13/05/2023 0:00,NSW,Solar,77010.389
13/05/2023 0:00,NSW,Wind,72815.908
13/05/2023 0:00,QLD,Battery,318.635
13/05/2023 0:00,QLD,Biomass,0
13/05/2023 0:00,QLD,Black coal,823747.983
13/05/2023 0:00,QLD,Gas,130344.082
13/05/2023 0:00,QLD,Hydro,22100.278
13/05/2023 0:00,QLD,Liquid Fuel,1105.771
13/05/2023 0:00,QLD,Solar,97564.812
13/05/2023 0:00,QLD,Wind,48669.67
13/05/2023 0:00,SA,Battery,1188.587
13/05/2023 0:00,SA,Gas,116962.777
13/05/2023 0:00,SA,Liquid Fuel,1694.474
13/05/2023 0:00,SA,Solar,15484.224
13/05/2023 0:00,SA,Wind,62809.1
13/05/2023 0:00,TAS,Gas,1713.068
13/05/2023 0:00,TAS,Hydro,208731.262
13/05/2023 0:00,TAS,Wind,32428.855
13/05/2023 0:00,VIC,Battery,3714.494
13/05/2023 0:00,VIC,Brown coal,718349.547
13/05/2023 0:00,VIC,Gas,20430.668
13/05/2023 0:00,VIC,Hydro,49138.955
13/05/2023 0:00,VIC,Solar,24175.467
13/05/2023 0:00,VIC,Wind,162264.691
20/05/2023 0:00,NSW,Battery,613.707
20/05/2023 0:00,NSW,Black coal,932576.076
20/05/2023 0:00,NSW,Gas,43652.459
20/05/2023 0:00,NSW,Hydro,91847.163
20/05/2023 0:00,NSW,Liquid Fuel,164.308
20/05/2023 0:00,NSW,Solar,79988.072
20/05/2023 0:00,NSW,Wind,118494.919
20/05/2023 0:00,QLD,Battery,832.448
20/05/2023 0:00,QLD,Biomass,582.275
20/05/2023 0:00,QLD,Black coal,789539.476
20/05/2023 0:00,QLD,Gas,137157.608
20/05/2023 0:00,QLD,Hydro,23754.576
20/05/2023 0:00,QLD,Liquid Fuel,1345.675
20/05/2023 0:00,QLD,Solar,108834.309
20/05/2023 0:00,QLD,Wind,53960.883
20/05/2023 0:00,SA,Battery,1667.572
20/05/2023 0:00,SA,Gas,86666.95
20/05/2023 0:00,SA,Liquid Fuel,2423.69
20/05/2023 0:00,SA,Solar,9073.59
20/05/2023 0:00,SA,Wind,129942.67
20/05/2023 0:00,TAS,Gas,423.966
20/05/2023 0:00,TAS,Hydro,179774.704
20/05/2023 0:00,TAS,Wind,69520.404
20/05/2023 0:00,VIC,Battery,4691.517
20/05/2023 0:00,VIC,Brown coal,699281.861
20/05/2023 0:00,VIC,Gas,20613.141
20/05/2023 0:00,VIC,Hydro,40831.852
20/05/2023 0:00,VIC,Solar,21095.916
20/05/2023 0:00,VIC,Wind,240305.452
27/05/2023 0:00,NSW,Battery,625.363
27/05/2023 0:00,NSW,Black coal,1009393.859
27/05/2023 0:00,NSW,Gas,32472.287
27/05/2023 0:00,NSW,Hydro,59916.028
27/05/2023 0:00,NSW,Liquid Fuel,40.6
27/05/2023 0:00,NSW,Solar,72744.944
27/05/2023 0:00,NSW,Wind,117603.225
27/05/2023 0:00,QLD,Battery,1345.602
27/05/2023 0:00,QLD,Biomass,1010.75
27/05/2023 0:00,QLD,Black coal,776774.273
27/05/2023 0:00,QLD,Gas,120601.872
27/05/2023 0:00,QLD,Hydro,20889.496
27/05/2023 0:00,QLD,Liquid Fuel,661.911
27/05/2023 0:00,QLD,Solar,101124.32
27/05/2023 0:00,QLD,Wind,46702.402
27/05/2023 0:00,SA,Battery,1504.378
27/05/2023 0:00,SA,Gas,91133.568
27/05/2023 0:00,SA,Liquid Fuel,2307.141
27/05/2023 0:00,SA,Solar,9537.949
27/05/2023 0:00,SA,Wind,136367.408
27/05/2023 0:00,TAS,Gas,492.473
27/05/2023 0:00,TAS,Hydro,198397.663
27/05/2023 0:00,TAS,Wind,57423.965
27/05/2023 0:00,VIC,Battery,3849.796
27/05/2023 0:00,VIC,Brown coal,681746.852
27/05/2023 0:00,VIC,Gas,6527.944
27/05/2023 0:00,VIC,Hydro,29756.438
27/05/2023 0:00,VIC,Solar,15586.463
27/05/2023 0:00,VIC,Wind,250314.105
3/06/2023 0:00,NSW,Battery,407.713
3/06/2023 0:00,NSW,Black coal,955413.659
3/06/2023 0:00,NSW,Gas,23855.263
3/06/2023 0:00,NSW,Hydro,66708.853
3/06/2023 0:00,NSW,Liquid Fuel,53.392
3/06/2023 0:00,NSW,Solar,60053.589
3/06/2023 0:00,NSW,Wind,139424.833
3/06/2023 0:00,QLD,Battery,1158.675
3/06/2023 0:00,QLD,Biomass,2920.55
3/06/2023 0:00,QLD,Black coal,765708.803
3/06/2023 0:00,QLD,Gas,100768.227
3/06/2023 0:00,QLD,Hydro,18151.946
3/06/2023 0:00,QLD,Liquid Fuel,835.952
3/06/2023 0:00,QLD,Solar,74716.471
3/06/2023 0:00,QLD,Wind,66074.724
3/06/2023 0:00,SA,Battery,2180.263
3/06/2023 0:00,SA,Gas,38573.078
3/06/2023 0:00,SA,Liquid Fuel,491.841
3/06/2023 0:00,SA,Solar,10288.515
3/06/2023 0:00,SA,Wind,171513.984
3/06/2023 0:00,TAS,Gas,286.047
3/06/2023 0:00,TAS,Hydro,181955.243
3/06/2023 0:00,TAS,Wind,52764.166
3/06/2023 0:00,VIC,Battery,3648.137
3/06/2023 0:00,VIC,Brown coal,634191.278
3/06/2023 0:00,VIC,Gas,2947.633
3/06/2023 0:00,VIC,Hydro,26053.761
3/06/2023 0:00,VIC,Solar,13280.891
3/06/2023 0:00,VIC,Wind,381925.74
10/06/2023 0:00,NSW,Battery,383.18
10/06/2023 0:00,NSW,Black coal,981741.742
10/06/2023 0:00,NSW,Gas,22587.357
10/06/2023 0:00,NSW,Hydro,82032.703
10/06/2023 0:00,NSW,Liquid Fuel,4.892
10/06/2023 0:00,NSW,Solar,78736.966
10/06/2023 0:00,NSW,Wind,112424.03
10/06/2023 0:00,QLD,Battery,1292.469
10/06/2023 0:00,QLD,Biomass,4079.567
10/06/2023 0:00,QLD,Black coal,808236.624
10/06/2023 0:00,QLD,Gas,105977.189
10/06/2023 0:00,QLD,Hydro,16408.6
10/06/2023 0:00,QLD,Liquid Fuel,684.572
10/06/2023 0:00,QLD,Solar,84523.479
10/06/2023 0:00,QLD,Wind,44821.344
10/06/2023 0:00,SA,Battery,1164.686
10/06/2023 0:00,SA,Gas,35059.771
10/06/2023 0:00,SA,Liquid Fuel,228.754
10/06/2023 0:00,SA,Solar,9412.785
10/06/2023 0:00,SA,Wind,211049.003
10/06/2023 0:00,TAS,Gas,1455.98
10/06/2023 0:00,TAS,Hydro,183407.87
10/06/2023 0:00,TAS,Wind,41976.274
10/06/2023 0:00,VIC,Battery,3976.064
10/06/2023 0:00,VIC,Brown coal,575307.463
10/06/2023 0:00,VIC,Gas,6700.226
10/06/2023 0:00,VIC,Hydro,46824.985
10/06/2023 0:00,VIC,Solar,18345.252
10/06/2023 0:00,VIC,Wind,381117.567
17/06/2023 0:00,NSW,Battery,555.61
17/06/2023 0:00,NSW,Black coal,1041763.079
17/06/2023 0:00,NSW,Gas,39366.792
17/06/2023 0:00,NSW,Hydro,105237.027
17/06/2023 0:00,NSW,Liquid Fuel,63.467
17/06/2023 0:00,NSW,Solar,68595.309
17/06/2023 0:00,NSW,Wind,144321.913
17/06/2023 0:00,QLD,Battery,1015.906
17/06/2023 0:00,QLD,Biomass,6106.975
17/06/2023 0:00,QLD,Black coal,831351.462
17/06/2023 0:00,QLD,Gas,126702.498
17/06/2023 0:00,QLD,Hydro,16143.784
17/06/2023 0:00,QLD,Liquid Fuel,368.474
17/06/2023 0:00,QLD,Solar,92833.391
17/06/2023 0:00,QLD,Wind,43729.551
17/06/2023 0:00,SA,Battery,1178.788
17/06/2023 0:00,SA,Gas,79847.037
17/06/2023 0:00,SA,Liquid Fuel,1676.023
17/06/2023 0:00,SA,Solar,8251.249
17/06/2023 0:00,SA,Wind,203251.508
17/06/2023 0:00,TAS,Gas,2771.486
17/06/2023 0:00,TAS,Hydro,231490.649
17/06/2023 0:00,TAS,Wind,29897.895
17/06/2023 0:00,VIC,Battery,4201.621
17/06/2023 0:00,VIC,Brown coal,627189.175
17/06/2023 0:00,VIC,Gas,35834.243
17/06/2023 0:00,VIC,Hydro,97385.768
17/06/2023 0:00,VIC,Solar,14213.113
17/06/2023 0:00,VIC,Wind,253656.987
24/06/2023 0:00,NSW,Battery,472.719
24/06/2023 0:00,NSW,Black coal,1014897.851
24/06/2023 0:00,NSW,Gas,31503.322
24/06/2023 0:00,NSW,Hydro,79389.043
24/06/2023 0:00,NSW,Liquid Fuel,0.65
24/06/2023 0:00,NSW,Solar,57578.778
24/06/2023 0:00,NSW,Wind,159837.257
24/06/2023 0:00,QLD,Battery,1409.281
24/06/2023 0:00,QLD,Biomass,5993.533
24/06/2023 0:00,QLD,Black coal,790186.307
24/06/2023 0:00,QLD,Gas,106836.858
24/06/2023 0:00,QLD,Hydro,15351.324
24/06/2023 0:00,QLD,Liquid Fuel,497.588
24/06/2023 0:00,QLD,Solar,88780.943
24/06/2023 0:00,QLD,Wind,64818.039
24/06/2023 0:00,SA,Battery,1609.526
24/06/2023 0:00,SA,Gas,114816.866
24/06/2023 0:00,SA,Liquid Fuel,6358.334
24/06/2023 0:00,SA,Solar,9254.341
24/06/2023 0:00,SA,Wind,95260.443
24/06/2023 0:00,TAS,Gas,824.315
24/06/2023 0:00,TAS,Hydro,218174.264
24/06/2023 0:00,TAS,Wind,57482.031
24/06/2023 0:00,VIC,Battery,4710.813
24/06/2023 0:00,VIC,Brown coal,678439.682
24/06/2023 0:00,VIC,Gas,12297.984
24/06/2023 0:00,VIC,Hydro,82555.511
24/06/2023 0:00,VIC,Solar,13452.156
24/06/2023 0:00,VIC,Wind,326487.172
1/07/2023 0:00,NSW,Battery,559.857
1/07/2023 0:00,NSW,Black coal,1018868.419
1/07/2023 0:00,NSW,Gas,18562.682
1/07/2023 0:00,NSW,Hydro,70932.941
1/07/2023 0:00,NSW,Liquid Fuel,2.183
1/07/2023 0:00,NSW,Solar,51092.569
1/07/2023 0:00,NSW,Wind,143244.769
1/07/2023 0:00,QLD,Battery,1080.964
1/07/2023 0:00,QLD,Biomass,2085.817
1/07/2023 0:00,QLD,Black coal,861424.65
1/07/2023 0:00,QLD,Gas,103640.046
1/07/2023 0:00,QLD,Hydro,16584.785
1/07/2023 0:00,QLD,Liquid Fuel,277.455
1/07/2023 0:00,QLD,Solar,68091.462
1/07/2023 0:00,QLD,Wind,57280.038
1/07/2023 0:00,SA,Battery,1585.533
1/07/2023 0:00,SA,Gas,71587.652
1/07/2023 0:00,SA,Liquid Fuel,939.298
1/07/2023 0:00,SA,Solar,9091.553
1/07/2023 0:00,SA,Wind,178945.47
1/07/2023 0:00,TAS,Gas,2329.759
1/07/2023 0:00,TAS,Hydro,234375.42
1/07/2023 0:00,TAS,Wind,29491.599
1/07/2023 0:00,VIC,Battery,3780.947
1/07/2023 0:00,VIC,Brown coal,620914.724
1/07/2023 0:00,VIC,Gas,26742.397
1/07/2023 0:00,VIC,Hydro,72861.426
1/07/2023 0:00,VIC,Solar,15549.689
1/07/2023 0:00,VIC,Wind,276491.892
8/07/2023 0:00,NSW,Battery,515.268
8/07/2023 0:00,NSW,Black coal,864696.712
8/07/2023 0:00,NSW,Gas,16661.671
8/07/2023 0:00,NSW,Hydro,63869.223
8/07/2023 0:00,NSW,Liquid Fuel,0
8/07/2023 0:00,NSW,Solar,90202.748
8/07/2023 0:00,NSW,Wind,142669.217
8/07/2023 0:00,QLD,Battery,1345.979
8/07/2023 0:00,QLD,Biomass,0
8/07/2023 0:00,QLD,Black coal,832944.729
8/07/2023 0:00,QLD,Gas,98893.312
8/07/2023 0:00,QLD,Hydro,16152.151
8/07/2023 0:00,QLD,Liquid Fuel,0
8/07/2023 0:00,QLD,Solar,103100.867
8/07/2023 0:00,QLD,Wind,63785.271
8/07/2023 0:00,SA,Battery,1765.204
8/07/2023 0:00,SA,Gas,55733.843
8/07/2023 0:00,SA,Liquid Fuel,533.235
8/07/2023 0:00,SA,Solar,10729.596
8/07/2023 0:00,SA,Wind,140338.728
8/07/2023 0:00,TAS,Gas,269.301
8/07/2023 0:00,TAS,Hydro,184453.702
8/07/2023 0:00,TAS,Wind,77882.624
8/07/2023 0:00,VIC,Battery,4719.7
8/07/2023 0:00,VIC,Brown coal,610975.994
8/07/2023 0:00,VIC,Gas,4741.003
8/07/2023 0:00,VIC,Hydro,62352.586
8/07/2023 0:00,VIC,Solar,17827.371
8/07/2023 0:00,VIC,Wind,378620.414
15/07/2023 0:00,NSW,Battery,675.589
15/07/2023 0:00,NSW,Black coal,944485.099
15/07/2023 0:00,NSW,Gas,49181.1
15/07/2023 0:00,NSW,Hydro,78751.483
15/07/2023 0:00,NSW,Liquid Fuel,0
15/07/2023 0:00,NSW,Solar,94366.332
15/07/2023 0:00,NSW,Wind,92424.575
15/07/2023 0:00,QLD,Battery,1232.427
15/07/2023 0:00,QLD,Biomass,2305.6
15/07/2023 0:00,QLD,Black coal,842065.943
15/07/2023 0:00,QLD,Gas,100965.514
15/07/2023 0:00,QLD,Hydro,16161.217
15/07/2023 0:00,QLD,Liquid Fuel,64.583
15/07/2023 0:00,QLD,Solar,92182.622
15/07/2023 0:00,QLD,Wind,47288.728
15/07/2023 0:00,SA,Battery,1661.794
15/07/2023 0:00,SA,Gas,78920.421
15/07/2023 0:00,SA,Liquid Fuel,604.851
15/07/2023 0:00,SA,Solar,14146.477
15/07/2023 0:00,SA,Wind,128990.555
15/07/2023 0:00,TAS,Gas,167.673
15/07/2023 0:00,TAS,Hydro,232019.92
15/07/2023 0:00,TAS,Wind,52235.136
15/07/2023 0:00,VIC,Battery,4147.418
15/07/2023 0:00,VIC,Brown coal,685378.637
15/07/2023 0:00,VIC,Gas,20631.056
15/07/2023 0:00,VIC,Hydro,103919.491
15/07/2023 0:00,VIC,Solar,23637.618
15/07/2023 0:00,VIC,Wind,228776.871
22/07/2023 0:00,NSW,Battery,749.308
22/07/2023 0:00,NSW,Black coal,941352.093
22/07/2023 0:00,NSW,Gas,46796.114
22/07/2023 0:00,NSW,Hydro,81272.356
22/07/2023 0:00,NSW,Liquid Fuel,0
22/07/2023 0:00,NSW,Solar,100003.261
22/07/2023 0:00,NSW,Wind,82802.818
22/07/2023 0:00,QLD,Battery,1170.394
22/07/2023 0:00,QLD,Biomass,1824.65
22/07/2023 0:00,QLD,Black coal,835783.218
22/07/2023 0:00,QLD,Gas,97211.596
22/07/2023 0:00,QLD,Hydro,17112.98
22/07/2023 0:00,QLD,Liquid Fuel,0
22/07/2023 0:00,QLD,Solar,97645.609
22/07/2023 0:00,QLD,Wind,54249.605
22/07/2023 0:00,SA,Battery,1555.378
22/07/2023 0:00,SA,Gas,67392.036
22/07/2023 0:00,SA,Liquid Fuel,747.529
22/07/2023 0:00,SA,Solar,13463.78
22/07/2023 0:00,SA,Wind,123552.532
22/07/2023 0:00,TAS,Gas,3.762
22/07/2023 0:00,TAS,Hydro,220072.817
22/07/2023 0:00,TAS,Wind,50091.315
22/07/2023 0:00,VIC,Battery,4923.994
22/07/2023 0:00,VIC,Brown coal,676950.346
22/07/2023 0:00,VIC,Gas,17847.167
22/07/2023 0:00,VIC,Hydro,95399.063
22/07/2023 0:00,VIC,Solar,23606.782
22/07/2023 0:00,VIC,Wind,211322.564
29/07/2023 0:00,NSW,Battery,988.793
29/07/2023 0:00,NSW,Biomass,2751.006
29/07/2023 0:00,NSW,Black coal,784902.465
29/07/2023 0:00,NSW,Gas,22678.654
29/07/2023 0:00,NSW,Hydro,87503.866
29/07/2023 0:00,NSW,Liquid Fuel,0
29/07/2023 0:00,NSW,Solar,98265.11
29/07/2023 0:00,NSW,Wind,131565.702
29/07/2023 0:00,QLD,Battery,1115.364
29/07/2023 0:00,QLD,Biomass,1801.85
29/07/2023 0:00,QLD,Black coal,804510.276
29/07/2023 0:00,QLD,Gas,84405.065
29/07/2023 0:00,QLD,Hydro,19698.515
29/07/2023 0:00,QLD,Liquid Fuel,639.128
29/07/2023 0:00,QLD,Solar,104409.904
29/07/2023 0:00,QLD,Wind,62589.376
29/07/2023 0:00,SA,Battery,1533.277
29/07/2023 0:00,SA,Gas,67166.609
29/07/2023 0:00,SA,Liquid Fuel,1475.95
29/07/2023 0:00,SA,Solar,11308.513
29/07/2023 0:00,SA,Wind,139131.291
29/07/2023 0:00,TAS,Gas,583.932
29/07/2023 0:00,TAS,Hydro,187015.891
29/07/2023 0:00,TAS,Wind,60622.603
29/07/2023 0:00,VIC,Battery,4465.463
29/07/2023 0:00,VIC,Brown coal,593890.772
29/07/2023 0:00,VIC,Gas,6639.986
29/07/2023 0:00,VIC,Hydro,48464.331
29/07/2023 0:00,VIC,Solar,20805.298
29/07/2023 0:00,VIC,Wind,345371.696
5/08/2023 0:00,NSW,Battery,778.075
5/08/2023 0:00,NSW,Biomass,4867.094
5/08/2023 0:00,NSW,Black coal,892858.637
5/08/2023 0:00,NSW,Gas,31384.58
5/08/2023 0:00,NSW,Hydro,66552.36
5/08/2023 0:00,NSW,Liquid Fuel,0
5/08/2023 0:00,NSW,Solar,113785.625
5/08/2023 0:00,NSW,Wind,99197.995
5/08/2023 0:00,QLD,Battery,1096.803
5/08/2023 0:00,QLD,Biomass,5134.458
5/08/2023 0:00,QLD,Black coal,796693.405
5/08/2023 0:00,QLD,Gas,85026.158
5/08/2023 0:00,QLD,Hydro,24729.459
5/08/2023 0:00,QLD,Liquid Fuel,187.004
5/08/2023 0:00,QLD,Solar,114167.492
5/08/2023 0:00,QLD,Wind,48211.692
5/08/2023 0:00,SA,Battery,2644.205
5/08/2023 0:00,SA,Gas,86969.974
5/08/2023 0:00,SA,Liquid Fuel,4292.271
5/08/2023 0:00,SA,Solar,16184.413
5/08/2023 0:00,SA,Wind,95617.779
5/08/2023 0:00,TAS,Gas,1727.728
5/08/2023 0:00,TAS,Hydro,233073.985
5/08/2023 0:00,TAS,Wind,31472.73
5/08/2023 0:00,VIC,Battery,4540.268
5/08/2023 0:00,VIC,Brown coal,692890.901
5/08/2023 0:00,VIC,Gas,10151.727
5/08/2023 0:00,VIC,Hydro,81495.708
5/08/2023 0:00,VIC,Solar,22809.284
5/08/2023 0:00,VIC,Wind,172843.095
12/08/2023 0:00,NSW,Battery,1025.34
12/08/2023 0:00,NSW,Biomass,4620.282
12/08/2023 0:00,NSW,Black coal,843492.532
12/08/2023 0:00,NSW,Gas,56329.101
12/08/2023 0:00,NSW,Hydro,90561.534
12/08/2023 0:00,NSW,Liquid Fuel,0
12/08/2023 0:00,NSW,Solar,93227.182
12/08/2023 0:00,NSW,Wind,111207.673
12/08/2023 0:00,QLD,Battery,1100.549
12/08/2023 0:00,QLD,Biomass,6414.242
12/08/2023 0:00,QLD,Black coal,777974.683
12/08/2023 0:00,QLD,Gas,92391.424
12/08/2023 0:00,QLD,Hydro,22325.274
12/08/2023 0:00,QLD,Liquid Fuel,842.308
12/08/2023 0:00,QLD,Solar,107795.049
12/08/2023 0:00,QLD,Wind,53450.443
12/08/2023 0:00,SA,Battery,1690.672
12/08/2023 0:00,SA,Gas,89483.104
12/08/2023 0:00,SA,Liquid Fuel,4452.847
12/08/2023 0:00,SA,Solar,11902.596
12/08/2023 0:00,SA,Wind,123661.883
12/08/2023 0:00,TAS,Gas,2541.812
12/08/2023 0:00,TAS,Hydro,220911.423
12/08/2023 0:00,TAS,Wind,30373.477
12/08/2023 0:00,VIC,Battery,5338.574
12/08/2023 0:00,VIC,Brown coal,726230.378
12/08/2023 0:00,VIC,Gas,18855.05
12/08/2023 0:00,VIC,Hydro,62679.775
12/08/2023 0:00,VIC,Solar,24069.702
12/08/2023 0:00,VIC,Wind,194356.347
19/08/2023 0:00,NSW,Battery,814.712
19/08/2023 0:00,NSW,Biomass,4769.458
19/08/2023 0:00,NSW,Black coal,763840.002
19/08/2023 0:00,NSW,Gas,44468.728
19/08/2023 0:00,NSW,Hydro,76888.713
19/08/2023 0:00,NSW,Liquid Fuel,0
19/08/2023 0:00,NSW,Solar,118615.358
19/08/2023 0:00,NSW,Wind,62044.131
19/08/2023 0:00,QLD,Battery,1062.779
19/08/2023 0:00,QLD,Biomass,6076.317
19/08/2023 0:00,QLD,Black coal,797556.264
19/08/2023 0:00,QLD,Gas,91041.951
19/08/2023 0:00,QLD,Hydro,25077.564
19/08/2023 0:00,QLD,Liquid Fuel,192.166
19/08/2023 0:00,QLD,Solar,113886.223
19/08/2023 0:00,QLD,Wind,61563.437
19/08/2023 0:00,SA,Battery,3700.391
19/08/2023 0:00,SA,Gas,85370.06
19/08/2023 0:00,SA,Liquid Fuel,1839.52
19/08/2023 0:00,SA,Solar,17196.136
19/08/2023 0:00,SA,Wind,79288.601
19/08/2023 0:00,TAS,Gas,1922.477
19/08/2023 0:00,TAS,Hydro,184924.133
19/08/2023 0:00,TAS,Wind,44607.607
19/08/2023 0:00,VIC,Battery,4612.352
19/08/2023 0:00,VIC,Brown coal,681496.516
19/08/2023 0:00,VIC,Gas,16058.15
19/08/2023 0:00,VIC,Hydro,48027.756
19/08/2023 0:00,VIC,Solar,25822.624
19/08/2023 0:00,VIC,Wind,208598.526
26/08/2023 0:00,NSW,Battery,819.624
26/08/2023 0:00,NSW,Biomass,4425.333
26/08/2023 0:00,NSW,Black coal,804155.652
26/08/2023 0:00,NSW,Gas,14776.27
26/08/2023 0:00,NSW,Hydro,40646.445
26/08/2023 0:00,NSW,Liquid Fuel,0
26/08/2023 0:00,NSW,Solar,147232.314
26/08/2023 0:00,NSW,Wind,67174.27
26/08/2023 0:00,QLD,Battery,1233.44
26/08/2023 0:00,QLD,Biomass,6725.158
26/08/2023 0:00,QLD,Black coal,814962.35
26/08/2023 0:00,QLD,Gas,83200.854
26/08/2023 0:00,QLD,Hydro,24667.182
26/08/2023 0:00,QLD,Liquid Fuel,67.393
26/08/2023 0:00,QLD,Solar,113649.206
26/08/2023 0:00,QLD,Wind,55914.741
26/08/2023 0:00,SA,Battery,2078.797
26/08/2023 0:00,SA,Gas,82381.02
26/08/2023 0:00,SA,Liquid Fuel,1459.026
26/08/2023 0:00,SA,Solar,17730.62
26/08/2023 0:00,SA,Wind,70617.896
26/08/2023 0:00,TAS,Gas,2635.886
26/08/2023 0:00,TAS,Hydro,194154.478
26/08/2023 0:00,TAS,Wind,30197.037
26/08/2023 0:00,VIC,Battery,3944.093
26/08/2023 0:00,VIC,Brown coal,635693.971
26/08/2023 0:00,VIC,Gas,22233.426
26/08/2023 0:00,VIC,Hydro,69045.21
26/08/2023 0:00,VIC,Solar,30727.894
26/08/2023 0:00,VIC,Wind,172285.776
2/09/2023 0:00,NSW,Battery,1313.068
2/09/2023 0:00,NSW,Biomass,2761.51
2/09/2023 0:00,NSW,Black coal,736435.078
2/09/2023 0:00,NSW,Gas,3865.071
2/09/2023 0:00,NSW,Hydro,33292.315
2/09/2023 0:00,NSW,Liquid Fuel,0
2/09/2023 0:00,NSW,Solar,130495.298
2/09/2023 0:00,NSW,Wind,154818.449
2/09/2023 0:00,QLD,Battery,1210.689
2/09/2023 0:00,QLD,Biomass,7547.408
2/09/2023 0:00,QLD,Black coal,780288.113
2/09/2023 0:00,QLD,Gas,62484.272
2/09/2023 0:00,QLD,Hydro,24061.537
2/09/2023 0:00,QLD,Liquid Fuel,0
2/09/2023 0:00,QLD,Solar,96400.217
2/09/2023 0:00,QLD,Wind,69068.132
2/09/2023 0:00,SA,Battery,1748.562
2/09/2023 0:00,SA,Gas,45444.732
2/09/2023 0:00,SA,Liquid Fuel,755.586
2/09/2023 0:00,SA,Solar,12716.049
2/09/2023 0:00,SA,Wind,147538.377
2/09/2023 0:00,TAS,Gas,216.697
2/09/2023 0:00,TAS,Hydro,141450.109
2/09/2023 0:00,TAS,Wind,52700.542
2/09/2023 0:00,VIC,Battery,3525.336
2/09/2023 0:00,VIC,Brown coal,578680.66
2/09/2023 0:00,VIC,Gas,4484.437
2/09/2023 0:00,VIC,Hydro,38013.326
2/09/2023 0:00,VIC,Solar,17601.242
2/09/2023 0:00,VIC,Wind,345346.768
9/09/2023 0:00,NSW,Battery,1381.08
9/09/2023 0:00,NSW,Biomass,4868.199
9/09/2023 0:00,NSW,Black coal,740752.386
9/09/2023 0:00,NSW,Gas,4878.105
9/09/2023 0:00,NSW,Hydro,38752.187
9/09/2023 0:00,NSW,Liquid Fuel,0
9/09/2023 0:00,NSW,Solar,155225.63
9/09/2023 0:00,NSW,Wind,71563.074
9/09/2023 0:00,QLD,Battery,1492.858
9/09/2023 0:00,QLD,Biomass,5209.342
9/09/2023 0:00,QLD,Black coal,780528.943
9/09/2023 0:00,QLD,Gas,66163.617
9/09/2023 0:00,QLD,Hydro,28523.046
9/09/2023 0:00,QLD,Liquid Fuel,0
9/09/2023 0:00,QLD,Solar,106155.531
9/09/2023 0:00,QLD,Wind,70184.217
9/09/2023 0:00,SA,Battery,3212.431
9/09/2023 0:00,SA,Gas,55234.128
9/09/2023 0:00,SA,Liquid Fuel,920.735
9/09/2023 0:00,SA,Solar,18643.869
9/09/2023 0:00,SA,Wind,80705.741
9/09/2023 0:00,TAS,Gas,1391.231
9/09/2023 0:00,TAS,Hydro,171951.767
9/09/2023 0:00,TAS,Wind,40079.177
9/09/2023 0:00,VIC,Battery,3668.216
9/09/2023 0:00,VIC,Brown coal,600369.158
9/09/2023 0:00,VIC,Gas,10125.059
9/09/2023 0:00,VIC,Hydro,55493.599
9/09/2023 0:00,VIC,Solar,27823.768
9/09/2023 0:00,VIC,Wind,173641.058
16/09/2023 0:00,NSW,Battery,1414.655
16/09/2023 0:00,NSW,Biomass,4348.624
16/09/2023 0:00,NSW,Black coal,704650.258
16/09/2023 0:00,NSW,Gas,12518.119
16/09/2023 0:00,NSW,Hydro,38582.453
16/09/2023 0:00,NSW,Liquid Fuel,0
16/09/2023 0:00,NSW,Solar,159753.966
16/09/2023 0:00,NSW,Wind,151404.439
16/09/2023 0:00,QLD,Battery,1557.067
16/09/2023 0:00,QLD,Biomass,5548.558
16/09/2023 0:00,QLD,Black coal,727890.497
16/09/2023 0:00,QLD,Gas,77265.923
16/09/2023 0:00,QLD,Hydro,28849.695
16/09/2023 0:00,QLD,Liquid Fuel,0
16/09/2023 0:00,QLD,Solar,125501.898
16/09/2023 0:00,QLD,Wind,66010.583
16/09/2023 0:00,SA,Battery,3486.59
16/09/2023 0:00,SA,Gas,36186.344
16/09/2023 0:00,SA,Liquid Fuel,858.363
16/09/2023 0:00,SA,Solar,16382.742
16/09/2023 0:00,SA,Wind,126973.062
16/09/2023 0:00,TAS,Gas,504.183
16/09/2023 0:00,TAS,Hydro,175946.076
16/09/2023 0:00,TAS,Wind,40125.338
16/09/2023 0:00,VIC,Battery,4888.977
16/09/2023 0:00,VIC,Brown coal,529448.872
16/09/2023 0:00,VIC,Gas,8382.842
16/09/2023 0:00,VIC,Hydro,41745.762
16/09/2023 0:00,VIC,Solar,26710.049
16/09/2023 0:00,VIC,Wind,181289.03
23/09/2023 0:00,NSW,Battery,1792.967
23/09/2023 0:00,NSW,Biomass,4260.909
23/09/2023 0:00,NSW,Black coal,734627.957
23/09/2023 0:00,NSW,Gas,18032.19
23/09/2023 0:00,NSW,Hydro,48831.144
23/09/2023 0:00,NSW,Liquid Fuel,0
23/09/2023 0:00,NSW,Solar,155369.787
23/09/2023 0:00,NSW,Wind,62413.218
23/09/2023 0:00,QLD,Battery,1311.62
23/09/2023 0:00,QLD,Biomass,4334.333
23/09/2023 0:00,QLD,Black coal,761424.459
23/09/2023 0:00,QLD,Gas,65577.184
23/09/2023 0:00,QLD,Hydro,32728.981
23/09/2023 0:00,QLD,Liquid Fuel,0
23/09/2023 0:00,QLD,Solar,112007.57
23/09/2023 0:00,QLD,Wind,63179.669
23/09/2023 0:00,SA,Battery,2771.385
23/09/2023 0:00,SA,Gas,44578.485
23/09/2023 0:00,SA,Liquid Fuel,783.554
23/09/2023 0:00,SA,Solar,17236.176
23/09/2023 0:00,SA,Wind,96773.559
23/09/2023 0:00,TAS,Gas,1916.919
23/09/2023 0:00,TAS,Hydro,162854.937
23/09/2023 0:00,TAS,Wind,37299.44
23/09/2023 0:00,VIC,Battery,4755.235
23/09/2023 0:00,VIC,Brown coal,511520.317
23/09/2023 0:00,VIC,Gas,10765.955
23/09/2023 0:00,VIC,Hydro,37755.445
23/09/2023 0:00,VIC,Solar,27428.455
23/09/2023 0:00,VIC,Wind,159411.021
30/09/2023 0:00,NSW,Battery,1071.102
30/09/2023 0:00,NSW,Biomass,4442.799
30/09/2023 0:00,NSW,Black coal,736621.336
30/09/2023 0:00,NSW,Gas,5241.863
30/09/2023 0:00,NSW,Hydro,45909.321
30/09/2023 0:00,NSW,Liquid Fuel,0
30/09/2023 0:00,NSW,Solar,100398.861
30/09/2023 0:00,NSW,Wind,164470.04
30/09/2023 0:00,QLD,Battery,1106.532
30/09/2023 0:00,QLD,Biomass,7626.583
30/09/2023 0:00,QLD,Black coal,695062.567
30/09/2023 0:00,QLD,Gas,64113.584
30/09/2023 0:00,QLD,Hydro,29941.301
30/09/2023 0:00,QLD,Liquid Fuel,0
30/09/2023 0:00,QLD,Solar,116535.97
30/09/2023 0:00,QLD,Wind,60482.303
30/09/2023 0:00,SA,Battery,1723.596
30/09/2023 0:00,SA,Gas,36604.7
30/09/2023 0:00,SA,Liquid Fuel,278.215
30/09/2023 0:00,SA,Solar,14923.042
30/09/2023 0:00,SA,Wind,128775.68
30/09/2023 0:00,TAS,Gas,882.428
30/09/2023 0:00,TAS,Hydro,126080.259
30/09/2023 0:00,TAS,Wind,36611.399
30/09/2023 0:00,VIC,Battery,3377.569
30/09/2023 0:00,VIC,Brown coal,576368.515
30/09/2023 0:00,VIC,Gas,2130.922
30/09/2023 0:00,VIC,Hydro,60006.503
30/09/2023 0:00,VIC,Solar,28569.04
30/09/2023 0:00,VIC,Wind,235225.493
7/10/2023 0:00,NSW,Battery,727.586
7/10/2023 0:00,NSW,Biomass,4161.385
7/10/2023 0:00,NSW,Black coal,691890.308
7/10/2023 0:00,NSW,Gas,7060.813
7/10/2023 0:00,NSW,Hydro,48960.232
7/10/2023 0:00,NSW,Liquid Fuel,0
7/10/2023 0:00,NSW,Solar,103040.293
7/10/2023 0:00,NSW,Wind,102659.174
7/10/2023 0:00,QLD,Battery,1013.946
7/10/2023 0:00,QLD,Biomass,7828.608
7/10/2023 0:00,QLD,Black coal,732624.712
7/10/2023 0:00,QLD,Gas,56251.401
7/10/2023 0:00,QLD,Hydro,21075.262
7/10/2023 0:00,QLD,Liquid Fuel,0
7/10/2023 0:00,QLD,Solar,113759.21
7/10/2023 0:00,QLD,Wind,65925.38
7/10/2023 0:00,SA,Battery,2064.568
7/10/2023 0:00,SA,Gas,29056.705
7/10/2023 0:00,SA,Liquid Fuel,285.909
7/10/2023 0:00,SA,Solar,18326.524
7/10/2023 0:00,SA,Wind,138474.736
7/10/2023 0:00,TAS,Gas,368.199
7/10/2023 0:00,TAS,Hydro,130037.102
7/10/2023 0:00,TAS,Wind,42016.313
7/10/2023 0:00,VIC,Battery,3108.068
7/10/2023 0:00,VIC,Brown coal,613606.157
7/10/2023 0:00,VIC,Gas,1539.284
7/10/2023 0:00,VIC,Hydro,48014.533
7/10/2023 0:00,VIC,Solar,26962.883
7/10/2023 0:00,VIC,Wind,207248.152
14/10/2023 0:00,NSW,Battery,1484
14/10/2023 0:00,NSW,Biomass,4042.873
14/10/2023 0:00,NSW,Black coal,694391.671
14/10/2023 0:00,NSW,Gas,2422.951
14/10/2023 0:00,NSW,Hydro,47300.21
14/10/2023 0:00,NSW,Liquid Fuel,0.133
14/10/2023 0:00,NSW,Other,2640
14/10/2023 0:00,NSW,Solar,148804.769
14/10/2023 0:00,NSW,Wind,104746.251
14/10/2023 0:00,QLD,Battery,1041.579
14/10/2023 0:00,QLD,Biomass,7685.775
14/10/2023 0:00,QLD,Black coal,745501.276
14/10/2023 0:00,QLD,Gas,49411.387
14/10/2023 0:00,QLD,Hydro,29225.093
14/10/2023 0:00,QLD,Liquid Fuel,0
14/10/2023 0:00,QLD,Solar,144042.748
14/10/2023 0:00,QLD,Wind,49256.362
14/10/2023 0:00,SA,Battery,1889.762
14/10/2023 0:00,SA,Gas,30899.327
14/10/2023 0:00,SA,Liquid Fuel,367.8
14/10/2023 0:00,SA,Solar,22379.219
14/10/2023 0:00,SA,Wind,136319.555
14/10/2023 0:00,TAS,Gas,448.103
14/10/2023 0:00,TAS,Hydro,152243.059
14/10/2023 0:00,TAS,Wind,28568.623
14/10/2023 0:00,VIC,Battery,3060.292
14/10/2023 0:00,VIC,Brown coal,569968.04
14/10/2023 0:00,VIC,Gas,2604.185
14/10/2023 0:00,VIC,Hydro,47866.88
14/10/2023 0:00,VIC,Solar,24734.945
14/10/2023 0:00,VIC,Wind,198885.122
21/10/2023 0:00,NSW,Battery,1781.125
21/10/2023 0:00,NSW,Biomass,3564.76
21/10/2023 0:00,NSW,Black coal,626959.132
21/10/2023 0:00,NSW,Gas,3136.603
21/10/2023 0:00,NSW,Hydro,53868.312
21/10/2023 0:00,NSW,Liquid Fuel,6.567
21/10/2023 0:00,NSW,Other,3168
21/10/2023 0:00,NSW,Solar,128787.508
21/10/2023 0:00,NSW,Wind,124608.661
21/10/2023 0:00,QLD,Battery,914.195
21/10/2023 0:00,QLD,Biomass,7017.2
21/10/2023 0:00,QLD,Black coal,667535.363
21/10/2023 0:00,QLD,Gas,58250.032
21/10/2023 0:00,QLD,Hydro,23579.681
21/10/2023 0:00,QLD,Liquid Fuel,0
21/10/2023 0:00,QLD,Solar,128149.835
21/10/2023 0:00,QLD,Wind,34634.908
21/10/2023 0:00,SA,Battery,2046.261
21/10/2023 0:00,SA,Gas,27343.605
21/10/2023 0:00,SA,Liquid Fuel,126.965
21/10/2023 0:00,SA,Solar,11889.741
21/10/2023 0:00,SA,Wind,132421.534
21/10/2023 0:00,TAS,Gas,152.706
21/10/2023 0:00,TAS,Hydro,98302.662
21/10/2023 0:00,TAS,Wind,37746.063
21/10/2023 0:00,VIC,Battery,3206.531
21/10/2023 0:00,VIC,Brown coal,420565.681
21/10/2023 0:00,VIC,Gas,363.926
21/10/2023 0:00,VIC,Hydro,22385.019
21/10/2023 0:00,VIC,Solar,24894.769
21/10/2023 0:00,VIC,Wind,245594.384
